﻿StatusCode,TimeMs,URL,ContainsFatal,ContainsWarning,ContainsNotice,ErrorMessage
200,123,"http://localhost/JSO/admin/add-product.php",0,0,0,""
200,35,"http://localhost/JSO/admin/add_admin.php",0,0,0,""
200,30,"http://localhost/JSO/admin/categories.php",0,0,0,""
200,18,"http://localhost/JSO/admin/change_password.php",0,0,0,""
200,52,"http://localhost/JSO/admin/coupons.php",0,0,0,""
200,15,"http://localhost/JSO/admin/customers.php",0,0,0,""
200,28,"http://localhost/JSO/admin/dashboard.php",0,0,0,""
200,22,"http://localhost/JSO/admin/dashboard_new.php",0,0,0,""
200,26,"http://localhost/JSO/admin/dashboard_original.php",0,0,0,""
200,60,"http://localhost/JSO/admin/edit-product.php",0,0,0,""
200,15,"http://localhost/JSO/admin/error403.php",0,0,0,""
200,13,"http://localhost/JSO/admin/index.php",0,0,0,""
200,37,"http://localhost/JSO",0,0,0,""
200,14,"http://localhost/JSO/admin",0,0,0,""
200,10,"http://localhost/JSO/admin/login.php",0,0,0,""
200,20,"http://localhost/JSO/admin/logout.php",0,0,0,""
200,19,"http://localhost/JSO/admin/orders.php",0,0,0,""
200,20,"http://localhost/JSO/admin/products-list.php",0,0,0,""
200,20,"http://localhost/JSO/admin/products.php",0,0,0,""
200,20,"http://localhost/JSO/admin/profile.php",0,0,0,""
200,19,"http://localhost/JSO/admin/profiles.php",0,0,0,""
200,20,"http://localhost/JSO/admin/returns.php",0,0,0,""
405,,"http://localhost/JSO/admin/update-product-ajax.php",0,0,0,"The remote server returned an error: (405) Method Not Allowed."
200,24,"http://localhost/JSO/admin/verify.php",0,0,0,""
200,20,"http://localhost/JSO/admin/_auth.php",0,0,0,""
200,12,"http://localhost/JSO/api/coupon_handler.php",0,0,0,""
200,5,"http://localhost/JSO/bin/seed_admin.php",0,0,0,""
200,5,"http://localhost/JSO/config/db.php",0,0,0,""
200,11,"http://localhost/JSO/migrations/fix_admin_records.php",0,0,0,""
200,22,"http://localhost/JSO/about.php",0,0,0,""
200,39,"http://localhost/JSO/account_dashboard.php",0,0,0,""
200,13,"http://localhost/JSO/all-pages.php",0,0,0,""
200,19,"http://localhost/JSO/cancel_order.php",0,0,0,""
200,25,"http://localhost/JSO/cart.php",0,0,0,""
200,25,"http://localhost/JSO/catalog.php",0,0,0,""
200,42,"http://localhost/JSO/checkout.php",0,0,0,""
200,30,"http://localhost/JSO/create_coupon_tables.php",0,0,0,""
200,5,"http://localhost/JSO/create_password_resets_table.php",0,0,0,""
200,10,"http://localhost/JSO/create_returns_table.php",0,0,0,""
200,10,"http://localhost/JSO/error403.php",0,0,0,""
200,11,"http://localhost/JSO/forgot_password.php",0,0,0,""
200,37,"http://localhost/JSO/generate_images.php",0,0,0,""
200,10,"http://localhost/JSO/help.php",0,0,0,""
200,23,"http://localhost/JSO/index.php",0,0,0,""
200,21,"http://localhost/JSO",0,0,0,""
200,15,"http://localhost/JSO/index.php",0,0,0,""
200,205,"http://localhost/JSO/init_admin.php",0,0,0,""
200,28,"http://localhost/JSO/invoice.php",0,0,0,""
200,5,"http://localhost/JSO/login.php",0,0,0,""
200,24,"http://localhost/JSO/logout.php",0,0,0,""
200,27,"http://localhost/JSO/my_orders.php",0,0,0,""
200,43,"http://localhost/JSO/offers.php",0,0,0,""
200,42,"http://localhost/JSO/payment.php",0,0,0,""
200,40,"http://localhost/JSO/payment_success.php",0,0,0,""
200,16,"http://localhost/JSO/pincode_check.php",0,0,0,""
200,10,"http://localhost/JSO/policies.php",0,0,0,""
200,14,"http://localhost/JSO/product.php",0,0,0,""
200,15,"http://localhost/JSO/profile.php",0,0,0,""
200,15,"http://localhost/JSO/register.php",0,0,0,""
200,11,"http://localhost/JSO/reset_password.php",0,0,0,""
200,21,"http://localhost/JSO/return_product.php",0,0,0,""
200,31,"http://localhost/JSO/reviews_ajax.php",0,0,0,""
200,823,"http://localhost/JSO/seed_products.php",0,0,0,""
200,10,"http://localhost/JSO/setup_admin.php",0,0,0,""
405,,"http://localhost/JSO/submit_feedback.php",0,0,0,"The remote server returned an error: (405) Method Not Allowed."
200,23,"http://localhost/JSO/test_db.php",0,0,0,""
200,11,"http://localhost/JSO/test_products.php",0,0,0,""
200,18,"http://localhost/JSO/track_order.php",0,0,0,""
200,24,"http://localhost/JSO/track_order_new.php",0,0,0,""
200,140,"http://localhost/JSO/update_orders_table.php",0,0,0,""
